{
    "name": "Russia",
    "country_name": "Russia",
    "country_code": "RU",
    "author_name": "Raov",
    "author_url": "https://twitter.com/raov_birbtog",
    "bands": [
        {
            "name": "160m CW",
            "type": "amateur",
            "start": 1810000,
            "end": 1838000
        },
        {
            "name": "160m NB",
            "type": "amateur",
            "start": 1838000,
            "end": 1840000
        },
        {
            "name": "160m + Digi",
            "type": "amateur",
            "start": 1840000,
            "end": 1843000
        },
        {
            "name": "160m",
            "type": "amateur",
            "start": 1843000,
            "end": 2000000
        },
        {
            "name": "80m CW",
            "type": "amateur",
            "start": 3500000,
            "end": 3510000
        },
        {
            "name": "80m CW Contest",
            "type": "amateur",
            "start": 3510000,
            "end": 3560000
        },
        {
            "name": "80m CW",
            "type": "amateur",
            "start": 3560000,
            "end": 3570000
        },
        {
            "name": "80m NB, Digi 200Hz",
            "type": "amateur",
            "start": 3570000,
            "end": 3580000
        },
        {
            "name": "80m NB, Digi 500Hz",
            "type": "amateur",
            "start": 3580000,
            "end": 3600000
        },
        {
            "name": "80m SSB Contest",
            "type": "amateur",
            "start": 3600000,
            "end": 3650000
        },
        {
            "name": "80m",
            "type": "amateur",
            "start": 3650000,
            "end": 3700000
        },
        {
            "name": "80m SSB Contest",
            "type": "amateur",
            "start": 3700000,
            "end": 3800000
        },
        {
            "name": "60m CW 200Hz",
            "type": "amateur",
            "start": 5351500,
            "end": 5354000
        },
        {
            "name": "60m USB",
            "type": "amateur",
            "start": 5354000,
            "end": 5366000
        },
        {
            "name": "60m CW 20Hz",
            "type": "amateur",
            "start": 5356000,
            "end": 5366500
        },
        {
            "name": "40m CW",
            "type": "amateur",
            "start": 7000000,
            "end": 7040000
        },
        {
            "name": "40m NB, Digi 500Hz",
            "type": "amateur",
            "start": 7040000,
            "end": 7050000
        },
        {
            "name": "40m",
            "type": "amateur",
            "start": 7050000,
            "end": 7060000
        },
        {
            "name": "40m SSB Contest",
            "type": "amateur",
            "start": 7060000,
            "end": 7100000
        },
        {
            "name": "40m",
            "type": "amateur",
            "start": 7100000,
            "end": 7130000
        },
        {
            "name": "40m SSB Contest",
            "type": "amateur",
            "start": 7130000,
            "end": 7200000
        }
    ]
}